rb,range_m,d_tot,b_tot,tot_x,d_pk,b_pk,pk_x,d_kurt,b_kurt,kurt_dx,d_cep,b_cep,cep_x,d_papr,b_papr,d_supra,b_supra
1,2.638466734211415,125.37570058739502,121.3181058249153,2.545420141254218,99.4265542568537,101.32650632616293,0.6456613548042109,43.12033791967395,83.6314216877757,-40.51108376810175,-6.948380388552801,-7.194690153855642,1.0583540511603873,10.368927945622293,15.716920218959157,6.0,13.4
2,5.27693346842283,125.10104367809171,119.80574037449337,3.3847790974049246,99.52111854642386,98.78688422485226,1.1841955702073972,43.73457179190264,94.17681542639873,-50.442243634496094,-7.887399108347782,-8.777612726491453,1.2274996071819604,9.404489557557486,14.167121811705266,5.5,11.6
3,7.915400202634245,124.56833181346283,118.67723149511463,3.8824871931887666,97.37230188095273,95.88718551940495,1.4077049448285426,26.002142458082865,73.59540100183875,-47.59325854375589,-9.212162909906302,-9.118372346225552,0.9786354501801171,7.788441065611086,11.67434470014417,3.35,9.2
4,10.55386693684566,124.21795825531368,118.04132355602901,4.14632623806972,96.84359053668001,92.88590809357225,2.487529525754998,10.827172369880337,50.434413994157964,-39.60724162427763,-8.716870338545641,-9.762458056288352,1.2722099028008962,6.761218741349173,10.064379267926308,3.4,7.1
5,13.192333671057074,124.17836936150039,117.77790182321101,4.365628277374371,95.67905134229633,91.79988091946268,2.4429638600019015,4.890329698311273,27.722961994227354,-22.83263229591608,-8.984020941851126,-9.921544434499875,1.2409444734766095,5.761195113145865,8.793012633951724,0.95,6.75
6,15.83080040526849,124.07562017481908,117.50742686429115,4.5375281365871025,95.60189377522548,91.14288375938482,2.7919073470586824,5.3098471786224035,21.444559315993168,-16.134712137370762,-8.50284850856604,-10.083559813628266,1.4390342498035582,5.890791289872482,8.373390314744547,2.5,7.9
7,18.469267139479904,124.0109115288371,117.3261944709166,4.660920611981379,95.49168778602737,90.89869887575911,2.8793793852886482,3.032022312326766,22.35080606222146,-19.318783749894692,-9.302097734735648,-9.8284599421883,1.1288499569205412,5.717146120010374,8.532425609688596,1.45,5.4
8,21.10773387369132,124.0775604592161,117.27063746421234,4.793936747102303,95.72134838904857,90.90267046400153,3.0329677506125505,1.2177883936731555,17.063531846607468,-15.845743452934313,-8.288403124932735,-9.852209153091904,1.4334435764519138,5.434289170217048,8.339276888398182,1.95,3.95
9,23.746200607902736,124.22306382551673,117.2046189807841,5.0332034367333,95.85816105981488,90.25669675834256,3.6320049366606115,2.9592258896541823,10.969004380895733,-8.009778491241551,-9.397385587432257,-10.046252916578128,1.1611457392904156,5.591924293900207,7.803685377049521,1.65,5.7
10,26.38466734211415,124.0909738309194,116.98798323720511,5.1321466691284074,95.61468539392524,90.04883363435485,3.602343943975783,2.471141376525404,13.434857602176525,-10.96371622565112,-8.76987294334095,-10.059399397483583,1.3457136121845503,5.506562484205145,7.735960258125137,1.0,6.6
11,29.023134076325565,123.74832787823998,116.15720128654202,5.742654115414436,95.15754884463468,89.37632291254299,3.785494270594319,1.7531040368066702,23.449116108754616,-21.696012071947948,-9.33836310329427,-9.713337077170893,1.090177959216444,5.430019442909073,8.67642792329236,2.65,4.35
12,31.66160081053698,123.54111111855036,114.85524254341605,7.389020262693756,94.58401956188689,88.83669346113702,3.7560607690792964,7.337329853485697,52.615761633540515,-45.27843178005482,-9.834091046203497,-9.895483224501909,1.0142364581826524,5.6851033881737845,10.343236576801758,0.75,7.85
13,34.300067544748394,124.2070321036939,116.1444406055064,6.401166884584923,95.56018030377592,89.12406238988005,4.401612348004873,3.260465070803504,25.258231836346194,-21.99776676554269,-9.236847672813497,-9.655419725267254,1.1011771861760655,5.677883633913056,8.826683969331523,1.4,5.65
14,36.93853427895981,124.45761884788469,116.93745834934286,5.649578530964891,95.50186965232032,89.78533709816341,3.7295227047750843,2.5896674062003866,22.82943116932445,-20.239763763124063,-8.777009833428389,-9.75742219736627,1.2532601667280319,5.465051524612443,8.699280900045228,1.4,3.85
15,39.57700101317123,124.503042175352,117.22899544589293,5.338320852892802,96.17910709644003,90.36648592271992,3.8129588415849227,6.032605581605028,25.055417383908328,-19.0228118023033,-9.65714465016946,-9.805349893743081,1.0347144743403802,5.96050506408746,8.687025909267842,0.95,5.85
16,42.21546774738264,124.46630112268504,117.33341752267123,5.167593698846039,96.20526953275859,90.55307604197576,3.6746785059335436,5.885085929029307,28.447961900208263,-22.562875971178954,-8.231906179599486,-9.946320113809952,1.4840256022901146,5.988579607015298,8.98359927239798,0.95,5.25
17,44.85393448159405,124.4338711707295,117.47202103283125,4.968039198107491,96.47220771183291,89.95133094299331,4.488359933621415,6.801324645692145,34.905877335773695,-28.10455269008155,-8.97044239016246,-9.493197304141956,1.1279127121341432,6.329278899902894,9.505754814714676,1.95,4.9
18,47.49240121580547,124.53970452560364,117.8075130530145,4.712150439820944,96.0898726618983,91.05104659318796,3.1906752745296565,14.982982219423757,40.74350749852081,-25.760525279097056,-8.484839301254112,-9.846939433332468,1.3683903826552772,6.705772192434327,9.99518399735983,1.0,5.0
19,50.130867950016885,124.63941218996672,118.0887306247977,4.51926862485319,96.47037449269037,91.67584929788958,3.016147105994235,12.080381718633049,52.40965174266462,-40.32927002403157,-9.062795293773345,-9.594792841525038,1.1303156865045894,6.488439956375655,10.394479210607733,0.9,5.4
20,52.7693346842283,124.69960580456896,118.46943427977973,4.197755627172123,96.72166330424041,91.87706813406226,3.0511216040244786,37.211398662788575,78.23610353214896,-41.024704869360384,-8.6916846708829,-9.142586010077185,1.1094050384236345,8.389462875842941,11.650152062938451,2.05,6.35
21,55.40780141843972,124.88708007692483,119.37788868967012,3.5556510975001108,96.96601058051382,93.22080667809959,2.368756342913679,60.03427177842715,104.49780733818882,-44.463535559761674,-8.593371753713571,-8.725093522097682,1.0307946998815773,9.837088889717588,13.825172063834554,3.35,5.45
22,58.04626815265113,125.53084412178768,121.38427819177687,2.5981043676729825,97.72816044755572,95.36412559883476,1.7234690345389625,90.08837043231813,124.3661762529334,-34.27780582061527,-7.146628263448366,-7.782362270432088,1.1576396698071814,12.199100748393382,16.131930760355196,3.4,10.05
23,60.68473488686254,132.96188583337576,133.49568845020568,0.8843409551708771,102.77146325743657,102.3986033894686,1.0896473996799867,97.13761833144443,106.75920575578452,-9.621587424340092,-6.280504447696506,-5.542139683064615,0.843652355739371,18.83793608237549,20.109387497881976,9.3,14.6
24,63.32320162107396,136.74755047139962,137.36002572183594,0.8684653085930232,106.57785787307793,108.26172569263022,0.6785990042533956,96.3047215076497,94.28324497278729,2.0214765348624155,-4.581454127136696,-3.9571048839442637,0.8660940911615472,19.56160546379038,19.86811302376738,13.35,17.6
25,65.96166835528537,130.8890330949501,129.94369338105463,1.2431798760765198,103.32918313666963,102.7601295278846,1.1400013375216107,134.3656567543246,109.41671550714486,24.948941247179732,-6.160802028619426,-5.3894760766881955,0.8372736136565957,18.721962800151353,19.474476340237704,8.7,15.25
26,68.60013508949679,125.62066581640781,121.40926306040915,2.637183049184192,100.1698624951213,97.75605828373914,1.743333281111363,74.33153026580258,106.801575795844,-32.47004553004142,-7.135188068512852,-7.700890538979555,1.1391220197367908,11.785613129982748,15.549596838065648,5.35,11.4
27,71.23860182370821,124.83380733499189,119.27288935751378,3.5982538417446457,97.60970070385238,95.22010917229592,1.7336409353744784,43.50623972080457,84.94600336151669,-41.439763640712115,-8.74490244959968,-8.74977894180605,1.0011234844624215,9.24792104759916,13.258776218460914,2.9,10.15
28,73.87706855791961,124.72597500335812,118.26432994079173,4.427560520148188,96.69005866657997,92.48583646488551,2.6328263762561113,34.213372911040665,60.32172303078791,-26.108350119747243,-8.769433209780555,-9.153412055982697,1.0924407321076754,7.947830496247107,10.84048504418954,1.55,6.65
29,76.51553529213103,124.63497644512661,118.0042960095479,4.603286904273774,95.92685229915432,91.28080867347184,2.9147704807330075,12.259221810943357,48.02727864654659,-35.76805683560323,-9.006947735687344,-9.668550456748815,1.1645557179507697,6.554323410837659,10.008921566728159,1.65,5.05
30,79.15400202634245,124.553747278734,117.61080533760727,4.946456499359518,96.0524543474677,90.68569270717504,3.440932585426866,16.0568656000983,30.705544656359706,-14.648679056261408,-8.4141675013606,-9.972750380305495,1.4317206466105035,6.62626946120415,9.115613504102036,1.65,4.6
31,81.79246876055386,124.53066816116632,117.36022496706941,5.212479013286549,95.80822125255752,90.97058388768957,3.0462373343534064,13.766011287389762,21.736406601213098,-7.970395313823335,-9.010780731420656,-9.6677698698004,1.163319247875156,6.432668957480485,8.579935879196046,1.25,6.15
32,84.43093549476528,124.58004069533288,117.28229172115687,5.367535153290866,96.0450715277697,90.26412294272659,3.785252530902966,7.811775730902012,27.62539718199195,-19.813621451089936,-8.399456138649942,-9.994670401405095,1.4438478359542812,5.922312035053322,8.499271076992873,1.5,3.9
33,87.0694022289767,124.61730685671876,117.1316989886487,5.6048086058442,95.94941106058688,89.83923474747522,4.083359634539612,4.035226574993227,18.433816295590795,-14.398589720597567,-9.64662737868164,-9.889938183624427,1.0576234717118653,5.720357025612417,8.044602324077605,0.2,4.1
34,89.7078689631881,124.52407117365813,116.75259100281066,5.986155816163574,95.71291073880236,89.40318537139964,4.275358494292249,3.054127656173952,19.020063865672125,-15.965936209498173,-8.884489522096356,-10.118090189746972,1.3284954360606727,5.3971005363198525,8.054442531991187,0.9,4.05
35,92.34633569739952,124.20855327357981,116.06837205945196,6.516555845363528,95.35156752723273,88.59247656045454,4.741427308088595,4.262285510696084,21.96482352774481,-17.702538017048724,-9.415915337462785,-9.852751101004765,1.1058177999848646,5.460456305984026,8.147106079479062,1.4,3.45
36,94.98480243161094,123.56786759092395,114.74325292809169,7.628891991650921,94.52837698734723,87.82247070255764,4.683716808776622,8.250278038994034,38.44225903135445,-30.19198099236042,-9.761517529053727,-10.431108176721434,1.1666996424358063,5.789926417595772,8.90222187640352,1.25,6.85
37,97.62326916582235,123.68114330665108,116.09076107660567,5.7416699340854995,94.96078861756754,88.66611631470036,4.260565342513864,1.7113870242137188,20.982900909247554,-19.271513885033837,-9.272915829686822,-10.234785233314808,1.2479205611792816,5.426055161188001,8.031685750041248,0.35,5.45
38,100.26173590003377,124.07483615227375,116.87981486868016,5.242061699943021,95.3008537368554,89.23596188402381,4.0410031156072295,1.9812404059970916,9.433554334235172,-7.45231392823808,-8.84846583405595,-10.290165347428374,1.3937020900825654,5.418476415199387,7.3876205058173925,0.6,5.1
39,102.90020263424519,124.20627334174574,117.23900659942515,4.974239297916802,95.71880996418056,90.14198170846068,3.61146013746567,2.2133632974103215,10.323352404236505,-8.109989106826184,-9.452610073340605,-10.109015465708307,1.1631628937506153,5.446070152113221,7.661871064630399,1.5,5.8
40,105.5386693684566,124.1462472219035,117.34267396857838,4.790240578029509,95.65879619201249,90.06834590190485,3.6228055885136823,1.8375842527476955,8.92559747175799,-7.088013219010295,-8.63749141642506,-10.303746551617518,1.4676601875731037,5.517108638883491,7.237957362039265,0.95,6.2
41,108.17713610266802,123.91120042862762,117.44163232924522,4.435645297810927,95.60632065833519,89.6791018524855,3.9149108841964884,1.908362192123232,4.5633605123959935,-2.654998320272761,-9.254623724598899,-9.973589903724285,1.1800396984219084,5.610213828061591,6.917118099032551,2.25,3.55
42,110.81560283687944,124.07178830006508,117.6149274352874,4.422685795009719,95.82353196960563,90.07102254135472,3.7605463236116017,1.5275239252034347,3.867502689543948,-2.3399787643405134,-8.606754117287101,-10.257765650926675,1.4625177759883712,5.505337784108945,6.782170854717002,1.9,5.25
43,113.45406957109084,124.21536026108144,117.84877449850049,4.331702046103051,95.935474383929,90.68110973371634,3.35302247922229,2.5550275507969467,5.646202033595195,-3.091174482798248,-9.257912714303213,-9.93522402696728,1.1687755860465248,5.616008140472056,7.1404935667973435,1.1,6.75
44,116.09253630530226,124.16590764814202,118.07760720061412,4.062843042065303,96.21488435929827,91.22766943484596,3.152982007448028,5.938319877182589,31.63196557565185,-25.69364569846926,-8.827919001971354,-9.801930910112052,1.2514145231146445,6.169142450604906,9.022847741568334,1.4,6.45
45,118.73100303951368,124.48132724548964,118.42758176407949,4.030644989712579,96.84407815427697,91.75921198468859,3.2246799473666643,20.290169458377605,52.56203961343183,-32.27187015505422,-9.286406905280495,-9.274876854611268,0.9973486288305192,7.225603924334966,10.474196066895168,3.2,6.3
46,121.36946977372509,125.12829424163495,118.94955248249146,4.148338392871559,97.97189278407023,93.2362077587882,2.975558565349816,30.607587385515615,65.2825263067864,-34.67493892127078,-7.901668664496832,-8.918750514033897,1.2638868199159616,8.602217473757944,11.824607505711032,3.0,8.2
47,124.0079365079365,128.1676912428074,124.9179455901178,2.11336526563866,107.24446678482009,101.30617623350105,3.924904148349335,105.33284291601888,141.45696699613882,-36.12412408011994,-7.294343075405889,-7.016119442851081,0.9379455704635329,15.563768818650663,18.638807469819266,12.0,14.75
48,126.64640324214793,129.86962859030962,127.9683258225909,1.549281292317981,111.07675667248597,105.56211626679172,3.560115111874618,112.76907336101033,143.56407610225324,-30.79500274124291,-5.430705657675254,-5.274750931095586,0.9647272087296278,17.147157264328573,19.731595098945597,14.35,17.7
49,129.28486997635935,126.86551433652346,122.94263141230715,2.4676768815774053,104.29477698872972,100.55102576491485,2.3679641462926755,80.97216563716037,106.49284421666076,-25.520678579500384,-7.287248381409464,-7.214204436693491,0.9833216597538126,13.388603180070115,16.69607591254661,9.1,13.5
50,131.92333671057074,125.34267327391267,120.22233492417044,3.2511262524306006,99.9090641350633,99.46571163309179,1.1074783632728797,36.66975175567476,94.8886352150921,-58.218883459417334,-7.764888090592764,-8.710447035005544,1.243242632997863,8.99727413423574,14.20960440535141,6.4,13.6
51,134.56180344478216,124.66900926825215,118.88317748238896,3.7895110570193227,97.71593497849287,95.82331860150823,1.5461856478298348,35.85200319654345,69.40299560580704,-33.550992409263586,-9.158719171557937,-9.092774234844278,0.9849303186265536,8.211748879270816,11.510897529272802,4.75,12.45
52,137.20027017899358,124.2637065481581,118.25947858517448,3.9849492633357886,96.25227033738491,92.80048612203416,2.214004103793248,11.084114678016846,39.84605655424439,-28.761941876227546,-8.724166280089317,-9.579610936562203,1.2177116630120337,6.517637156075493,9.374183247400033,1.2,7.75
53,139.838736913205,124.24160945161432,117.99027957388924,4.218256532756093,96.23718649603265,91.77457272292635,2.794225021447091,7.684725491941519,21.89267661099111,-14.207951119049591,-8.87318673282151,-9.697959765928925,1.2091419902518619,6.2938861382197855,8.472957555039692,1.45,8.25
54,142.47720364741642,124.22965532982589,117.83550558965433,4.359282098119923,95.81661405574339,91.22977406847225,2.8753055241248435,5.592480315911411,21.68475698147779,-16.09227666556638,-8.401381787225025,-10.132243333551992,1.4896565640463115,6.106525097843834,8.200588625940522,0.95,5.7
55,145.11567038162784,124.08111980617409,117.66668775324395,4.379688322062788,95.68795311259888,91.11762818913772,2.864392265384077,4.986525484943057,17.042351551756447,-12.05582606681339,-9.168179145563219,-9.503159735391169,1.0801847931393316,5.749044023936001,8.20931576184442,1.35,5.9
56,147.75413711583923,124.17070705530848,117.5479293897884,4.594918011578507,95.87077803155998,91.19848220406519,2.932443024129157,4.8939438101098665,20.427694721384917,-15.53375091127505,-8.187754878135216,-10.037508173641688,1.5310004894905327,5.967507173806619,8.377061293729708,0.95,5.05
57,150.39260385005065,124.2836310080423,117.40254235594014,4.876507148759964,95.7207788470558,91.28377695857714,2.7777949807970423,4.524819659674087,14.928753336136893,-10.403933676462806,-9.12294546055383,-9.931571771117238,1.2046548433413984,5.815267251262762,8.333120878354617,2.25,5.9
58,153.03107058426207,124.15941335097907,117.0779768541792,5.106738854032311,95.77372822565914,90.0998008370524,3.693114213342513,2.688483369545025,14.02751473349162,-11.339031363946594,-8.81997239953878,-10.008890803066297,1.314897320452355,5.725706327050766,7.928664304970947,2.15,5.5
59,155.6695373184735,123.83976275350183,116.19685842757642,5.811529311559314,95.34555443322219,89.76213089601376,3.6169487384121664,5.339434858937816,16.08867181761545,-10.749236958677633,-9.42321629538215,-10.036122486924219,1.151570733896194,5.84979613007673,8.182564727584857,1.95,4.6
60,158.3080040526849,123.6401148427733,114.91766053591678,7.451529595347066,94.76829699757036,88.99380307754132,3.779630909914518,16.791246706582342,40.18582713112653,-23.394580424544188,-9.688515033636303,-9.953055768765843,1.0628061859565259,6.15126485854528,9.59610102684145,0.6,7.05
61,160.94647078689633,124.26677638712131,116.1778823878903,6.440052383350579,95.65987692444352,89.28163603454006,4.343342614147667,7.179177784721674,29.363532985202113,-22.18435520048044,-9.172521134387065,-9.85955252927997,1.171394389190628,5.695919754006945,8.967577439671526,1.6,5.25
62,163.58493752110772,124.55236586858464,116.90277410789795,5.820485023049552,96.01657330692663,90.0214704368465,3.9765851558546688,7.062070925620141,17.607751981662737,-10.545681056042596,-8.843747414182562,-10.048752903632957,1.319776979894483,5.938925820515265,8.323890802445204,1.75,3.55
63,166.22340425531914,124.57243075312438,117.17131856020417,5.4968162483709175,95.97530030031857,90.06375287908197,3.9008095045520883,9.924175400221149,18.6008756592948,-8.676700259073652,-9.677589388276518,-9.684428285870947,1.0015759548790768,5.888797562942617,8.162106947724315,1.35,4.25
64,168.86187098953056,124.59611884901031,117.34373125343238,5.311763857341519,96.34733202747137,90.5773342068961,3.7757200144799965,13.11302634971896,20.72426667528027,-7.61124032556131,-8.451744545156226,-10.073009205567597,1.4525345323520304,6.494492186755876,8.627942937605273,1.8,4.9
65,171.50033772374198,124.50048592435219,117.5661679042186,4.936643912202462,96.45756790675648,90.85261371252138,3.634924707100199,14.870152276105722,34.984376780044286,-20.114224503938566,-9.025437916809185,-9.465643690124946,1.1066762182243721,6.3388598817354005,9.268205972120985,1.7,4.9
66,174.1388044579534,124.53579651841741,117.71487064489106,4.809418696423414,96.57263660481982,91.24642316346328,3.4089555948646697,17.290791362040196,33.99809783842336,-16.707306476383167,-8.2428328161893,-9.764503923514376,1.4196036611906582,6.666472634593805,9.45344405891144,1.55,7.45
67,176.7772711921648,124.68433020356906,117.99106557543764,4.6701030397326395,96.70427209212053,91.84288048203118,3.062944736042839,19.166394049893444,43.460518697732375,-24.29412464783893,-9.249918167431025,-9.803720512300313,1.136004978050558,7.133240726428591,9.819029285164534,2.75,4.95
68,179.4157379263762,124.67322318506429,118.42301194376068,4.2171701529075865,96.58768074639991,92.21105080848878,2.7394475754084975,23.725388283223136,73.40616170136926,-49.68077341814612,-8.560929342566475,-9.423974138557329,1.219844520222926,7.848854678650179,11.561338472205112,1.45,5.95
69,182.05420466058763,125.01245965267226,119.55771972525409,3.5113489655086827,97.43051845742603,94.26369312850525,2.073397320219357,50.03414701495548,95.21560925876717,-45.181462243811694,-8.820643193081922,-8.674585905751893,0.9669282998751153,9.948914624398403,13.630422870212566,3.6,8.6
70,184.69267139479905,125.73381595368521,120.96907884517775,2.9955302584970465,98.89294181101005,96.99824123441697,1.5469278476597985,73.89698310529633,130.06313731695772,-56.16615421166139,-7.098707928044239,-8.099404243414781,1.2591272746842954,11.857585960596682,15.924116264965637,4.0,11.0
71,187.33113812901047,133.22616555413063,133.42936956067916,0.9542883002844353,106.03933447462018,104.32415642321457,1.4842867313837773,96.65806653249278,98.89785170460371,-2.2397851721109276,-6.425874674586015,-5.4396135227870905,0.7968450604085857,18.96735042999814,19.841405227161438,11.3,16.0
72,189.9696048632219,136.65938192691385,137.39123473934487,0.8449183042862569,110.177911987658,108.25895684553277,1.5555913308811644,91.13605394913364,94.46529279154194,-3.3292388424083015,-4.697692444901832,-3.967831494697845,0.8453059092233871,19.409374202533225,19.97265896365538,15.95,17.65
73,192.60807159743328,130.5212987129723,129.91879879200678,1.148814721211225,102.11050630004698,104.06217444442541,0.6380183734304332,119.09247864423203,104.47590393776943,14.6165747064626,-6.268062281092864,-5.286816617932753,0.7977658356287164,18.136905865497365,19.436647812275016,7.45,14.65
74,195.2465383316447,125.82834310270684,121.27034083391943,2.8562763694042146,101.59246179996472,99.66403390523385,1.5589880616235638,59.28673905104036,94.57467863735992,-35.28793958631957,-7.027357738658267,-7.599307437826812,1.1407618003205928,11.638776144971674,15.448244434107824,7.3,14.25
75,197.88500506585612,124.95448691118733,119.04991889252055,3.8945456775236647,99.48265913530312,95.80540418121339,2.331983619050176,43.9057865071513,66.53786728287324,-22.63208077572194,-8.816782652089634,-8.720216220773596,0.9780101384153441,9.142403441797612,12.50283358541653,4.6,10.85
76,200.52347180006754,124.7335080773933,118.21142708724332,4.489604648515896,98.40884252336386,93.34490087586808,3.209180648692052,17.108128702518723,42.048426262635424,-24.9402975601167,-8.859343492297054,-9.423048528812332,1.13859822817779,7.2885471210027335,10.285945130615612,3.65,8.15
77,203.16193853427896,124.69893166307422,118.00366376861106,4.67225771095215,97.85216063460881,92.20335817924521,3.6718103825978283,14.800943537776547,35.16309666371946,-20.36215312594291,-9.093425552954544,-9.785567731327761,1.1727736991585893,6.867376113070921,9.785355139603421,3.3,6.25
78,205.80040526849038,124.60041362895763,117.69706782957897,4.901562897547492,96.90396721493744,91.52979358720995,3.446810146888247,10.733196189087195,25.139073312827815,-14.40587712374062,-8.376117382350625,-9.861604980462678,1.4078252811223022,6.306830641527679,8.753423861362583,4.0,5.55
79,208.43887200270177,124.62105971457989,117.39797272023061,5.276047531717692,96.81086182050939,90.65492317374219,4.126614165710394,7.197717975597991,17.589286085388842,-10.391568109790851,-9.188442531340419,-9.868324575167124,1.1694676273652045,5.984268128692269,8.156734838101421,1.95,4.9
80,211.0773387369132,124.59381285912869,117.32065518869419,5.337228138900844,96.81821749537181,89.94300335683945,4.869915367723592,7.023655120450971,17.56674831912485,-10.54309319867388,-8.419694525941555,-10.361970308341025,1.5639669752070031,5.967194503800365,8.105451462258674,1.7,5.3
81,213.7158054711246,124.62541136877746,117.17004858941428,5.5659112606265095,97.0145554507592,89.7143163823948,5.37061359455281,4.875197165088467,9.831487897363372,-4.956290732274905,-9.758181836200306,-9.880012419287892,1.028449705870325,5.680329712556757,7.529065825687392,1.85,4.55
82,216.35427220533603,124.54603220190907,116.8377583775376,5.899665415529734,96.79989515741077,89.3320976677002,5.581870402069562,7.006298079016334,12.992947125111337,-5.986649046095003,-9.037562712405672,-10.411031327858828,1.3719770969287772,6.080192575050804,7.7306181923029955,3.4,3.75
83,218.99273893954745,124.28278531482977,116.09266862948284,6.591916060306987,96.53875984144038,88.9057150454308,5.798350706377582,5.814887895432259,17.721926968411637,-11.907039072979378,-9.383276922685024,-9.90308416044398,1.1271474264618369,5.7718327180703835,8.01467794144688,2.85,6.1
84,221.63120567375887,123.62247632811128,114.80907251493458,7.609224215281946,95.84652868275333,87.29384949635764,7.165853392970393,7.512089328478527,29.2510079923192,-21.73891866384067,-9.751365569941202,-10.180686109643576,1.1039058986406276,5.582792571344037,8.617016495283105,2.45,4.6
85,224.26967240797026,123.7465112405254,116.23337090203795,5.640453637731366,96.0803112474915,88.5574717580444,5.653064607633529,4.609720452015377,10.206946561048088,-5.597226109032711,-9.324172442383702,-10.051989401488733,1.1824470330645787,5.799813913879987,7.522557491758197,3.15,3.25
86,226.90813914218168,124.1816302390057,117.01841209811892,5.2038145861194485,95.9325625724166,89.5517762059274,4.345889070076616,4.287782548684433,7.822699027558002,-3.534916478873569,-8.666036976230206,-9.9365738082453,1.3398422952834,5.560436022981895,7.275161646003251,1.65,5.8
87,229.5466058763931,124.29321118769337,117.36074203837343,4.93454274014267,95.91090525769333,90.10165368861146,3.8100015899263155,2.1865493723148517,6.2563026223447595,-4.069753250029908,-9.483354096960388,-10.138714218431243,1.1628829744630866,5.375770730334636,7.1337304520331015,1.4,4.1
88,232.18507261060452,124.23083106472299,117.52030011897742,4.688707003238751,96.2368271468852,90.12422175634762,4.085644160710309,1.9564761823399093,7.578703943656005,-5.622227761316095,-8.391751457491278,-10.30161137455713,1.5523369380761627,5.598630443981611,7.197188786915436,1.65,4.05
89,234.82353934481594,123.98266953717943,117.67103429191812,4.277239063482794,96.09321691670215,90.19302041653684,3.8906274806500316,2.5581886576399877,6.296732523225109,-3.7385438655851213,-9.243305280514239,-9.902839076916525,1.1640010702786123,5.695041149079244,7.075134832730425,2.45,3.7
90,237.46200607902736,124.16807691682584,117.7891956169203,4.343983130032582,96.0911729354947,90.31094048143265,3.784628412190904,2.5625053185927933,4.4163587572521665,-1.8538534386593732,-8.463658404525914,-10.185665709800917,1.4866225991769462,5.724476100084257,6.796105594971445,2.05,4.5
91,240.10047281323875,124.35231466799189,118.00857710829052,4.308972832916935,96.83043477396691,90.30601902955499,4.492018895555351,4.291127486283296,7.66311655808269,-3.371989071799394,-9.17436500877128,-9.914922624404085,1.1859210056026277,6.085589800957229,7.360018177519843,2.4,3.3
92,242.73893954745017,124.31327860985303,118.24830083449562,4.041083065190681,96.86606012633702,90.25483702118959,4.582709315532884,13.829722618113834,18.640493095506727,-4.810770477392893,-8.626735964203702,-9.866159101647982,1.3302777087639037,6.510653961493857,8.296737268633708,2.1,3.8
93,245.3774062816616,124.63515287363597,118.70305139469056,3.9193148037207903,97.51851036190837,90.72196139485831,4.782499097069266,25.761554478752053,55.04155821550969,-29.280003736757635,-9.156224150575818,-9.465168868776438,1.0737284779196614,7.593379969089807,10.76496940234208,3.1,3.8
94,248.015873015873,125.3771093563093,119.64191310315798,3.745584725607861,99.32646912701328,91.98040660251645,5.427580237173926,35.16325147166702,99.45920226167128,-64.29595079000427,-7.7275266371528435,-9.007800052737545,1.3428494992656008,9.244031118276556,13.40819669334374,4.25,7.6
95,250.65433975008443,128.69936408271144,125.06111676308262,2.311131899439277,107.75365419587607,100.22284552479837,5.663447345341598,151.14104448783073,115.7127393879401,35.42830509989062,-7.225984949228669,-7.315566304739031,1.0208410735028208,17.008107344317704,17.733160245294012,11.3,12.3
96,253.29280648429585,124.66646879061855,121.79462246459282,1.9372453744448062,106.33603792161716,100.73402124475535,3.632466917601164,165.80752212615397,151.51854319260835,14.288978933545621,-5.4114355034566906,-5.237732871585001,0.9607927932009374,18.929329261698708,19.56699713707414,15.45,16.9
